{
	"class_name" : "PinholeCameraParameters",
	"extrinsic" : 
	[
		0.79803964190895915,
		0.029916417996277103,
		0.60186189269307655,
		0.0,
		-0.59474238457254902,
		0.19991583744485364,
		0.77866241332921748,
		0.0,
		-0.09702693406873425,
		-0.97935625074484256,
		0.17733332510339564,
		0.0,
		11.064620561746102,
		-6.4611694417096572,
		10.875038963308276,
		1.0
	],
	"intrinsic" : 
	{
		"height" : 1050,
		"intrinsic_matrix" : 
		[
			909.3266739736606,
			0.0,
			0.0,
			0.0,
			909.3266739736606,
			0.0,
			959.5,
			524.5,
			1.0
		],
		"width" : 1920
	},
	"version_major" : 1,
	"version_minor" : 0
}